UOV,UOV_vinegars,UOVp,UOVp_vinegars, UOV2, UOVp2_vinegars
0.535638,1,97.1937,1,0.355037,2
0.363414,1,737.341,1,0.184723,1
