UOV,UOV_vinegars,UOVp,UOVp_vinegars, UOV2, UOVp2_vinegars
0.429455,1,291.277,1,0.310505,2
0.567882,1,507.195,1,0.446816,3
